filename,relative_path,group_key,revision,revision_number,creation_time,is_latest,md5_hash
D_000949.pdf,Daten_fuer_KI/Bibo Dokumente/D_000949.pdf,D_000949,,-1,2016-07-28 10:30:02,True,ef0be227ebba7a5c2ac3679d94308a1f
D_000969.pdf,Daten_fuer_KI/Bibo Dokumente/D_000969.pdf,D_000969,,-1,2019-08-30 13:56:34,True,4c21b06cb7a2ac97cbf52a5f8b2641aa
D_002272.pdf,Daten_fuer_KI/Bibo Dokumente/D_002272.pdf,D_002272,,-1,2021-04-19 09:50:30,True,682b85ae16a1ff99d81a5688edec976a
D_003483.pdf,Daten_fuer_KI/Bibo Dokumente/D_003483.pdf,D_003483,,-1,2022-02-09 15:54:10,True,a54c8d3b3927f63d4dee82114f8f9a55
D_005263.pdf,Daten_fuer_KI/Bibo Dokumente/D_005263.pdf,D_005263,,-1,2022-12-23 14:53:56,True,4901ead8aaf4b3fa2e0713342986356d
D_S000756.pdf,Daten_fuer_KI/Bibo Dokumente/D_S000756.pdf,D_S000756,,-1,2005-12-22 12:46:02,True,3afa1f94c2f63e45a49ca86314b1bd76
D_S000995.pdf,Daten_fuer_KI/Bibo Dokumente/D_S000995.pdf,D_S000995,,-1,2023-08-28 16:38:10,True,88de39b61800950b383a4462118cbd81
251127 GSD WRSCSSV Test Sheet To-9.pdf,Daten_fuer_KI/final documentation To-9/251127 GSD WRSCSSV Test Sheet To-9.pdf,251127 GSD WRSCSSV Test Sheet To-9,,-1,2025-11-28 18:55:00,True,e3d8cc2241b5e5e4bf267a5dc862b86e
L-nipple 1 Make-up and test (4).pdf,Daten_fuer_KI/final documentation To-9/L-nipple 1 Make-up and test (4).pdf,L-nipple 1 Make-up and test (4),,-1,2025-11-03 15:53:54,True,858c5b7a1c78827236e671a6b59df9ff
260126_Huntorf K1 Spezifikation Einbau Überwachung und Gewindekontrolle rev00.pdf,Daten_fuer_KI/Spezifikationen Huntorf K1/Einbauüberwachung und Gewindekontrolle/260126_Huntorf K1 Spezifikation Einbau Überwachung und Gewindekontrolle rev00.pdf,260126_Huntorf K1 Spezifikation Einbau Überwachung und Gewindekontrolle,rev00,0,2026-02-09 15:46:50,True,b25f49374c1b117df4fc2c5d8fa24f62
260130_Spezifikation Entsorgung Bohrlochfluide_Huntorf K1 rev00.pdf,Daten_fuer_KI/Spezifikationen Huntorf K1/Entsorgung Bohrlochfluide/260130_Spezifikation Entsorgung Bohrlochfluide_Huntorf K1 rev00.pdf,260130_Spezifikation Entsorgung Bohrlochfluide_Huntorf K1,rev00,0,2026-02-09 15:32:56,True,1c0ba5c3379c287bac1a2e8efb1770a7
251111 DEEP-KBB Spezifikation Frässervice HuntK1 rev00 ohne Logo.pdf,Daten_fuer_KI/Spezifikationen Huntorf K1/Fräsequipment/251111 DEEP-KBB Spezifikation Frässervice HuntK1 rev00 ohne Logo.pdf,251111 DEEP-KBB Spezifikation Frässervice HuntK1 rev00 ohne Logo,,-1,2025-12-09 14:43:28,True,039c7513c9463333df2d20446a0ebd72
251111 DEEP-KBB Spezifikation Frässervice HuntK1 rev00.pdf,Daten_fuer_KI/Spezifikationen Huntorf K1/Fräsequipment/251111 DEEP-KBB Spezifikation Frässervice HuntK1 rev00.pdf,251111 DEEP-KBB Spezifikation Frässervice HuntK1,rev00,0,2025-11-17 18:34:12,True,d98beee94cec803eeab79470ff595548
251208_Bieterliste Fishing Service_rev00.pdf,Daten_fuer_KI/Spezifikationen Huntorf K1/Fräsequipment/251208_Bieterliste Fishing Service_rev00.pdf,251208_Bieterliste Fishing Service,rev00,0,2025-12-08 12:42:22,True,d6721a0f1ddda80f57332b3c906b6bd3
260126 Spezifikation Gewinderreinigung rev00.pdf,Daten_fuer_KI/Spezifikationen Huntorf K1/Gewindereinigung/260126 Spezifikation Gewinderreinigung rev00.pdf,260126 Spezifikation Gewinderreinigung,rev00,0,2026-02-09 15:15:12,True,1f8dda96b9bd0b9f3a5fd73cd682c2cd
25-670456R1 EWE  CHC Huntorf 25_8035.pdf,Daten_fuer_KI/Spezifikationen Huntorf K1/Liner Hanger/25-670456R1 EWE  CHC Huntorf 25_8035.pdf,25-670456R1 EWE  CHC Huntorf 25_8035,,-1,2025-12-08 17:48:24,True,530f49468bea048c481ed87002faf3df
250401 Specification Liner Hanger HuntK1 rev00.pdf,Daten_fuer_KI/Spezifikationen Huntorf K1/Liner Hanger/250401 Specification Liner Hanger HuntK1 rev00.pdf,250401 Specification Liner Hanger HuntK1,rev00,0,2025-04-09 12:03:02,True,d98fe44a2fcf4b71b2458306e9a35cad
250401 Specification Liner Hanger HuntK1 rev00a.pdf,Daten_fuer_KI/Spezifikationen Huntorf K1/Liner Hanger/Bearbeitung/250401 Specification Liner Hanger HuntK1 rev00a.pdf,250401 Specification Liner Hanger HuntK1,rev00a,0,2025-04-02 10:07:52,False,dac04bf2b359f275d2e0a4963f6e90db
250409_Bieterliste Liner Hanger_rev00.pdf,Daten_fuer_KI/Spezifikationen Huntorf K1/Liner Hanger/250409_Bieterliste Liner Hanger_rev00.pdf,250409_Bieterliste Liner Hanger,rev00,0,2025-04-09 16:15:26,True,b23131e40d742c1af4a2bea4870fa5f4
250625 Angebotsauswertung Liner Hanger_rev00.pdf,Daten_fuer_KI/Spezifikationen Huntorf K1/Liner Hanger/250625 Angebotsauswertung Liner Hanger_rev00.pdf,250625 Angebotsauswertung Liner Hanger,rev00,0,2025-06-26 11:04:38,True,0ccb5392114f4c098e84f85d5ddfeee3
Angebot_Completion.pdf,Daten_fuer_KI/Spezifikationen Huntorf K1/Liner Hanger/Angebot_Completion.pdf,Angebot_Completion,,-1,2025-06-25 11:44:02,True,84d38fbb6f45ae5e6db18d6650933892
Angebot_NOV.pdf,Daten_fuer_KI/Spezifikationen Huntorf K1/Liner Hanger/Angebot_NOV.pdf,Angebot_NOV,,-1,2025-06-25 11:44:04,True,5b3fb88b233f261184046bffe60411fb
251027 Spezifikation Material- und Schweißverfahrensprüfung Rev00.pdf,Daten_fuer_KI/Spezifikationen Huntorf K1/Material- und Schweißverfahrensprüfung/251027 Spezifikation Material- und Schweißverfahrensprüfung Rev00.pdf,251027 Spezifikation Material- und Schweißverfahrensprüfung,Rev00,0,2025-11-03 11:22:58,True,10d52eb8ce71acbe00ba98b6f313eab9
250304 Specification 9.625in Casing Huntorf K1 rev00.pdf,Daten_fuer_KI/Spezifikationen Huntorf K1/Neue LZRT/250304 Specification 9.625in Casing Huntorf K1 rev00.pdf,250304 Specification 9.625in Casing Huntorf K1,rev00,0,2025-04-08 12:29:42,True,eae8212a712d1c118f245ba90f7e5a0a
250304 Specification 9.625in Casing Huntorf K1 rev00.pdf,Daten_fuer_KI/Spezifikationen Huntorf K1/Neue LZRT/Bearbeitung/250304 Specification 9.625in Casing Huntorf K1 rev00.pdf,250304 Specification 9.625in Casing Huntorf K1,rev00,0,2025-03-05 12:19:36,False,44d51f751b0b0f8acf45a2e33976e28b
250409_Bieterliste 9.625in Casing_rev00.pdf,Daten_fuer_KI/Spezifikationen Huntorf K1/Neue LZRT/250409_Bieterliste 9.625in Casing_rev00.pdf,250409_Bieterliste 9.625in Casing,rev00,0,2025-04-09 16:20:04,True,5119f66c88079f10fcd64654fc478dc6
260213 Spezifikation Plug Service rev00.pdf,Daten_fuer_KI/Spezifikationen Huntorf K1/Plug Service/260213 Spezifikation Plug Service rev00.pdf,260213 Spezifikation Plug Service,rev00,0,2026-02-18 17:16:48,True,5466ea07a4c73b166ef27ff8795c360d
260224 Spezifikation Plug Service rev00.pdf,Daten_fuer_KI/Spezifikationen Huntorf K1/Plug Service/260224 Spezifikation Plug Service rev00.pdf,260224 Spezifikation Plug Service,rev00,0,2026-02-24 17:44:28,True,8279f90df4c21a90684f83a1bdeb7fc9
250512 Spezifikation Schweißarbeiten_rev00.pdf,Daten_fuer_KI/Spezifikationen Huntorf K1/Schweißen/250512 Spezifikation Schweißarbeiten_rev00.pdf,250512 Spezifikation Schweißarbeiten,rev00,0,2025-06-03 13:53:18,True,92ed33fe1679ad4550ce779b6da99074
250512 Spezifikation Schweißarbeiten_rev00.pdf,Daten_fuer_KI/Spezifikationen Huntorf K1/Schweißen/Bearbeitung/250512 Spezifikation Schweißarbeiten_rev00.pdf,250512 Spezifikation Schweißarbeiten,rev00,0,2025-05-12 14:14:06,False,9ed7c905c14f965dc55769e657251abb
251010 Spezifikation Schweißübergang_rev00.pdf,Daten_fuer_KI/Spezifikationen Huntorf K1/Schweißübergang/251010 Spezifikation Schweißübergang_rev00.pdf,251010 Spezifikation Schweißübergang,rev00,0,2025-10-29 15:59:14,True,b64882e27bab5b89f4d62e96c05ad19d
251202 DEEP-KBB Auswertung Schweißübergang rev00.pdf,Daten_fuer_KI/Spezifikationen Huntorf K1/Schweißübergang/251202 DEEP-KBB Auswertung Schweißübergang rev00.pdf,251202 DEEP-KBB Auswertung Schweißübergang,rev00,0,2025-12-02 11:01:06,True,55d9054e178ffd58504722a50e3d7562
240618 Bohrlochbild Nach Ausbau Komplettierung Huntorf K1 Rev0a.pdf,Daten_fuer_KI/Spezifikationen Huntorf K1/Slickline  Wireline Service/240618 Bohrlochbild Nach Ausbau Komplettierung Huntorf K1 Rev0a.pdf,240618 Bohrlochbild Nach Ausbau Komplettierung Huntorf K1,Rev0a,0,2024-06-18 13:01:00,True,ae770076ebff4d817c22fb71c57f5153
260220 Spezifikation Slickline-Wireline Service rev00a.pdf,Daten_fuer_KI/Spezifikationen Huntorf K1/Slickline  Wireline Service/260220 Spezifikation Slickline-Wireline Service rev00a.pdf,260220 Spezifikation Slickline-Wireline Service,rev00a,0,2026-02-20 14:38:00,False,b5c870523dabd47a04b10674389d610e
260220 Spezifikation Slickline-Wireline Service rev00b.pdf,Daten_fuer_KI/Spezifikationen Huntorf K1/Slickline  Wireline Service/260220 Spezifikation Slickline-Wireline Service rev00b.pdf,260220 Spezifikation Slickline-Wireline Service,rev00b,0,2026-02-24 12:12:20,True,38b4b2d562d5c31b8681a8a02da34c65
260220 Spezifikation Slickline-Wireline Service rev00a_CHS.pdf,Daten_fuer_KI/Spezifikationen Huntorf K1/Slickline  Wireline Service/260220 Spezifikation Slickline-Wireline Service rev00a_CHS.pdf,260220 Spezifikation Slickline-Wireline Service rev00a_CHS,,-1,2026-02-24 12:22:00,True,e33e31a514c3a77b189364719281020b
260224 Eckdaten Slickline Wireline Service für Einkauf.pdf,Daten_fuer_KI/Spezifikationen Huntorf K1/Slickline  Wireline Service/260224 Eckdaten Slickline Wireline Service für Einkauf.pdf,260224 Eckdaten Slickline Wireline Service für Einkauf,,-1,2026-02-24 18:26:56,True,ba4ad499ca67b7f47089daf3139b2d4b
2602240 Spezifikation Slickline-Wireline Service ohne Logo rev00.pdf,Daten_fuer_KI/Spezifikationen Huntorf K1/Slickline  Wireline Service/2602240 Spezifikation Slickline-Wireline Service ohne Logo rev00.pdf,2602240 Spezifikation Slickline-Wireline Service ohne Logo,rev00,0,2026-02-24 18:20:30,True,a1ca7249621106a06acc6133b4f38b11
260120 Spezifikation N2 Arbeiten GDT Huntorf K1 rev00.pdf,Daten_fuer_KI/Spezifikationen Huntorf K1/Stickstoffarbeiten/260120 Spezifikation N2 Arbeiten GDT Huntorf K1 rev00.pdf,260120 Spezifikation N2 Arbeiten GDT Huntorf K1,rev00,0,2026-01-20 15:19:58,True,8b292aacacd76bf403f5983c4e87c061
260130 Bieterliste Stickstoffarbeiten rev00.pdf,Daten_fuer_KI/Spezifikationen Huntorf K1/Stickstoffarbeiten/260130 Bieterliste Stickstoffarbeiten rev00.pdf,260130 Bieterliste Stickstoffarbeiten,rev00,0,2026-02-25 11:10:18,True,1bee5ba278c658dff3ab27a155cd4264
260219 Spezifikation Testpacker HuntK1 Rev00.pdf,Daten_fuer_KI/Spezifikationen Huntorf K1/Testpacker/260219 Spezifikation Testpacker HuntK1 Rev00.pdf,260219 Spezifikation Testpacker HuntK1,Rev00,0,2026-02-23 18:11:26,True,83dd1fd524527be8ed706fc394ab5ed1
260219 Spezifikation Testpacker HuntK1 Rev00a.pdf,Daten_fuer_KI/Spezifikationen Huntorf K1/Testpacker/260219 Spezifikation Testpacker HuntK1 Rev00a.pdf,260219 Spezifikation Testpacker HuntK1,Rev00a,0,2026-02-20 14:29:58,False,401a1323cfe0975b4e8c553e4036f91f
260223_Bieterliste Testpacker_rev00.pdf,Daten_fuer_KI/Spezifikationen Huntorf K1/Testpacker/260223_Bieterliste Testpacker_rev00.pdf,260223_Bieterliste Testpacker,rev00,0,2026-02-23 18:33:42,True,70bb632f44ccabd46b1da9ed82cbd253
260120 Huntorf K1_Spezifikation Verschraubservice rev00.pdf,Daten_fuer_KI/Spezifikationen Huntorf K1/Verschraubservice/260120 Huntorf K1_Spezifikation Verschraubservice rev00.pdf,260120 Huntorf K1_Spezifikation Verschraubservice,rev00,0,2026-02-09 15:53:58,True,9dbcc515a30417eccb80e6409b684d54
260121 Spezifikation H2 Arbeiten GDT Huntorf K1 rev00.pdf,Daten_fuer_KI/Spezifikationen Huntorf K1/Wasserstoffarbeiten/260121 Spezifikation H2 Arbeiten GDT Huntorf K1 rev00.pdf,260121 Spezifikation H2 Arbeiten GDT Huntorf K1,rev00,0,2026-01-21 12:11:26,False,acf7972e1d88e61d736e57cdbd876ed3
260121 Spezifikation H2 Arbeiten GDT Huntorf K1 rev00b.pdf,Daten_fuer_KI/Spezifikationen Huntorf K1/Wasserstoffarbeiten/260121 Spezifikation H2 Arbeiten GDT Huntorf K1 rev00b.pdf,260121 Spezifikation H2 Arbeiten GDT Huntorf K1,rev00b,0,2026-02-06 12:02:16,True,b4c999220408c930dc36e1a44f01d32d
260217 Bieterliste Wasserstoffarbeiten rev00.pdf,Daten_fuer_KI/Spezifikationen Huntorf K1/Wasserstoffarbeiten/260217 Bieterliste Wasserstoffarbeiten rev00.pdf,260217 Bieterliste Wasserstoffarbeiten,rev00,0,2026-02-25 11:36:06,True,f72ee40e2a273bd70aba87f64ffd0f78
260119_Huntorf K1_ Spezifikation Cased-Hole Messungen rev00.pdf,Daten_fuer_KI/Spezifikationen Huntorf K1/Wireline Messungen/260119_Huntorf K1_ Spezifikation Cased-Hole Messungen rev00.pdf,260119_Huntorf K1_ Spezifikation Cased-Hole Messungen,rev00,0,2026-02-09 15:58:44,True,418ee6d732273d2bc06fda2d07dae825
260119_Huntorf K1_ Spezifikation Open-Hole Kaliber Messung rev00.pdf,Daten_fuer_KI/Spezifikationen Huntorf K1/Wireline Messungen/260119_Huntorf K1_ Spezifikation Open-Hole Kaliber Messung rev00.pdf,260119_Huntorf K1_ Spezifikation Open-Hole Kaliber Messung,rev00,0,2026-02-09 16:00:18,True,6edd9161a56463791ed3c5548dd52387
251117 Spezifikation Zementage Widerlager HuntK1 Rev00.pdf,Daten_fuer_KI/Spezifikationen Huntorf K1/Zementage Widerlager/251117 Spezifikation Zementage Widerlager HuntK1 Rev00.pdf,251117 Spezifikation Zementage Widerlager HuntK1,Rev00,0,2025-11-17 18:40:42,True,3c74dabe24e27b669fbaaf58fde3b471
250422 Spezifikation Zementationsservice HuntK1 Rev00a.pdf,Daten_fuer_KI/Spezifikationen Huntorf K1/Zementationsservice/250422 Spezifikation Zementationsservice HuntK1 Rev00a.pdf,250422 Spezifikation Zementationsservice HuntK1,Rev00a,0,2025-04-23 14:20:14,False,6a77c81b9d90fbcbbe7bcd8989bb1cf4
250422 Spezifikation Zementationsservice HuntK1 Rev00b.pdf,Daten_fuer_KI/Spezifikationen Huntorf K1/Zementationsservice/250422 Spezifikation Zementationsservice HuntK1 Rev00b.pdf,250422 Spezifikation Zementationsservice HuntK1,Rev00b,0,2025-05-09 16:28:46,True,16452c7dd5614a068edaa34ca3515844
251015 Spezifikation Zementationszubehör_rev00.pdf,Daten_fuer_KI/Spezifikationen Huntorf K1/Zementationszubehör/251015 Spezifikation Zementationszubehör_rev00.pdf,251015 Spezifikation Zementationszubehör,rev00,0,2025-11-17 18:36:28,True,41e5a2ce2b6cbbd912cd287abc84293b
260205_Auswertung Zementationszubehör rev00.pdf,Daten_fuer_KI/Spezifikationen Huntorf K1/Zementationszubehör/Auswertung/260205_Auswertung Zementationszubehör rev00.pdf,260205_Auswertung Zementationszubehör,rev00,0,2026-02-06 17:42:16,True,a20b77496936b5cc86557b39229c3d98
drillwerk_Angebot_dw2026-q2722.pdf,Daten_fuer_KI/Spezifikationen Huntorf K1/Zementationszubehör/Auswertung/drillwerk_Angebot_dw2026-q2722.pdf,drillwerk_Angebot_dw2026-q2722,,-1,2026-02-05 11:00:02,True,7d24e696c4d575b3c774d2d1e5dbdcf8
EWE Huntorf K1 Angebot-AN2600007.pdf,Daten_fuer_KI/Spezifikationen Huntorf K1/Zementationszubehör/Auswertung/EWE Huntorf K1 Angebot-AN2600007.pdf,EWE Huntorf K1 Angebot-AN2600007,,-1,2026-02-05 10:59:58,True,8d6d30de96db90f1e0a51ff3e2daacfe
Proposal Weatherford EWE_Germany.pdf,Daten_fuer_KI/Spezifikationen Huntorf K1/Zementationszubehör/Auswertung/Proposal Weatherford EWE_Germany.pdf,Proposal Weatherford EWE_Germany,,-1,2026-02-05 11:00:00,True,51bbf2b6cbeff428c5a8165add27d53c
A029015-01_Angebot UGS Spider Plug.pdf,Daten_fuer_KI/Spezifikationen Huntorf K1/Zementage Widerlager/Angebote/A029015-01_Angebot UGS Spider Plug.pdf,A029015-01_Angebot UGS Spider Plug,,-1,2026-02-11 11:16:40,True,df91a0890fd85b20474dcb912aadcc1e
Angebot-AN2600017_Fangmann Zement.pdf,Daten_fuer_KI/Spezifikationen Huntorf K1/Zementage Widerlager/Angebote/Angebot-AN2600017_Fangmann Zement.pdf,Angebot-AN2600017_Fangmann Zement,,-1,2026-02-11 11:16:12,True,f8b8d45bcae63ca76171631657d7e28a
260327_DEEP-KBB Auswertung Testpacker EWE HuntK1 rev00.pdf,Daten_fuer_KI/Spezifikationen Huntorf K1/Testpacker/Auswertung/260327_DEEP-KBB Auswertung Testpacker EWE HuntK1 rev00.pdf,260327_DEEP-KBB Auswertung Testpacker EWE HuntK1,rev00,0,2026-04-10 10:07:36,True,5cd34acd960de354325e8e5214311d47
AG26-0056 EWE Testpacker Huntorf K1.pdf,Daten_fuer_KI/Spezifikationen Huntorf K1/Testpacker/Angebote/DCS/AG26-0056 EWE Testpacker Huntorf K1.pdf,AG26-0056 EWE Testpacker Huntorf K1,,-1,2026-03-28 14:24:00,True,9673f3bcc422a0cefa253c388d0f8c85
Vertraulichkeitserklärung EWE.pdf,Daten_fuer_KI/Spezifikationen Huntorf K1/Testpacker/Angebote/DCS/Vertraulichkeitserklärung EWE.pdf,Vertraulichkeitserklärung EWE,,-1,2026-03-28 14:24:00,True,f5d18b1b8755a67a98a576e21a60f62c
00_AN-AN10332-Inr-10201.pdf,Daten_fuer_KI/Spezifikationen Huntorf K1/Testpacker/Angebote/DES/00_AN-AN10332-Inr-10201.pdf,00_AN-AN10332-Inr-10201,,-1,2026-03-13 10:16:06,True,52e8cda1d1852fb723f18574722d336c
01_DES_Technical-Data-Sheet_AN10332.pdf,Daten_fuer_KI/Spezifikationen Huntorf K1/Testpacker/Angebote/DES/01_DES_Technical-Data-Sheet_AN10332.pdf,01_DES_Technical-Data-Sheet_AN10332,,-1,2026-03-13 10:16:06,True,b5e9cfd7a671af94518cfe678813baab
02_AN10332_Hookup Drawing_Huntorf K1_Testpacker.pdf,Daten_fuer_KI/Spezifikationen Huntorf K1/Testpacker/Angebote/DES/02_AN10332_Hookup Drawing_Huntorf K1_Testpacker.pdf,02_AN10332_Hookup Drawing_Huntorf K1_Testpacker,,-1,2026-03-13 10:16:06,True,1d118646d0bd33c7e532681bde380064
03_Runing-Procedure_Work-Programm_Mech. set retr. Packer.pdf,Daten_fuer_KI/Spezifikationen Huntorf K1/Testpacker/Angebote/DES/03_Runing-Procedure_Work-Programm_Mech. set retr. Packer.pdf,03_Runing-Procedure_Work-Programm_Mech. set retr. Packer,,-1,2026-03-13 10:16:06,True,60a95d459789b316c26180d9c5b12fc8
04_2026-01-21_Zertifikat_ISO-9001.pdf,Daten_fuer_KI/Spezifikationen Huntorf K1/Testpacker/Angebote/DES/04_2026-01-21_Zertifikat_ISO-9001.pdf,04_2026-01-21_Zertifikat_ISO-9001,,-1,2026-03-13 10:16:06,True,d924dd2179a5a537921c8e0544aa6486
05_Reference-List_03-2026.pdf,Daten_fuer_KI/Spezifikationen Huntorf K1/Testpacker/Angebote/DES/05_Reference-List_03-2026.pdf,05_Reference-List_03-2026,,-1,2026-03-13 10:16:06,True,d95cbf19c767711b60ac6bc33d047118
06_Anlage_4_Vertraulichkeitsvereinbarung.pdf,Daten_fuer_KI/Spezifikationen Huntorf K1/Testpacker/Angebote/DES/06_Anlage_4_Vertraulichkeitsvereinbarung.pdf,06_Anlage_4_Vertraulichkeitsvereinbarung,,-1,2026-03-13 10:16:06,True,517c931d511d29ded157f0921a5bc00a
07_Anlage_1_Eigenerklärung Sanktionen Russland.pdf,Daten_fuer_KI/Spezifikationen Huntorf K1/Testpacker/Angebote/DES/07_Anlage_1_Eigenerklärung Sanktionen Russland.pdf,07_Anlage_1_Eigenerklärung Sanktionen Russland,,-1,2026-03-13 10:16:06,True,0e317b529c257ad244bc083443baade8
Angebot Nr. 401598.pdf,Daten_fuer_KI/Spezifikationen Huntorf K1/Testpacker/Angebote/GCT/Angebot Nr. 401598.pdf,Angebot Nr. 401598,,-1,2026-03-14 01:13:10,True,3a394097152bc8be789aa88bf867d2bf
Eigenerklärung Sanktionen Russland.pdf,Daten_fuer_KI/Spezifikationen Huntorf K1/Testpacker/Angebote/GCT/Eigenerklärung Sanktionen Russland.pdf,Eigenerklärung Sanktionen Russland,,-1,2026-03-14 01:13:10,True,8e694720a84b5749397bc278e9604ada
Vertraulichkeitsvereinbarung.pdf,Daten_fuer_KI/Spezifikationen Huntorf K1/Testpacker/Angebote/GCT/Vertraulichkeitsvereinbarung.pdf,Vertraulichkeitsvereinbarung,,-1,2026-03-14 01:13:10,True,44f4ba336b918d9ad84da1422fdb2220
260219 Spezifikation Plug Service rev00.pdf,Daten_fuer_KI/Spezifikationen Huntorf K1/Plug Service/Bearbeitung/260219 Spezifikation Plug Service rev00.pdf,260219 Spezifikation Plug Service,rev00,0,2026-02-19 16:42:50,True,b8c544f86a9f5497edc944368d7adef2
250710 Angebotsauswertung technische Rohrtour_rev00.pdf,Daten_fuer_KI/Spezifikationen Huntorf K1/Neue LZRT/Auswertung/250710 Angebotsauswertung technische Rohrtour_rev00.pdf,250710 Angebotsauswertung technische Rohrtour,rev00,0,2025-07-14 13:36:06,True,4d10c170e9151f7c28c75b820ff001b0
General Terms of delivery an Payment SMSD 2022.1.pdf,Daten_fuer_KI/Spezifikationen Huntorf K1/Neue LZRT/Auswertung/Mannesmann/General Terms of delivery an Payment SMSD 2022.1.pdf,General Terms of delivery an Payment SMSD 2022.1,,-1,2025-09-26 14:01:32,True,3a374259c740dc6b6d3df097766e8bff
scan__20250624145602.pdf,Daten_fuer_KI/Spezifikationen Huntorf K1/Neue LZRT/Auswertung/Mannesmann/scan__20250624145602.pdf,scan__20250624145602,,-1,2025-09-26 14:01:28,True,a322f23e4fb017644a77bd1fe511fa3e
scan__20250917133321(Rev01).pdf,Daten_fuer_KI/Spezifikationen Huntorf K1/Neue LZRT/Auswertung/Mannesmann/scan__20250917133321(Rev01).pdf,scan__20250917133321(Rev01),,-1,2025-09-26 14:04:32,True,4dc20553c98534c1c8dfb1fb00cea0d8
250304 Specification Rohrtouren 9 ⅝ʺ x 10 ¾ʺ_edited.pdf,Daten_fuer_KI/Spezifikationen Huntorf K1/Neue LZRT/Auswertung/Tenaris/250304 Specification Rohrtouren 9 ⅝ʺ x 10 ¾ʺ_edited.pdf,250304 Specification Rohrtouren 9 ⅝ʺ x 10 ¾ʺ_edited,,-1,2025-09-26 14:00:58,True,5de5e1be724ba779b818c08f0568f031
Tenaris Offer 80116090 EWE Casing request for CHC Speicher Huntorf.pdf,Daten_fuer_KI/Spezifikationen Huntorf K1/Neue LZRT/Auswertung/Tenaris/Tenaris Offer 80116090 EWE Casing request for CHC Speicher Huntorf.pdf,Tenaris Offer 80116090 EWE Casing request for CHC Speicher Huntorf,,-1,2025-09-26 14:01:04,True,c842eb4818742acffb00c06219fe5cb8
TK-216.pdf,Daten_fuer_KI/Spezifikationen Huntorf K1/Einbauüberwachung und Gewindekontrolle/Materialien/TK-216.pdf,TK-216,,-1,2026-01-26 17:33:22,True,3d2ea5e7ed83c6936033aae1b79c16a9
102186314_999HA18669-CAC(metric).pdf,Daten_fuer_KI/final documentation To-9/Halliburton Ratch Latch/102186314_999HA18669-CAC(metric).pdf,102186314_999HA18669-CAC(metric),,-1,2025-12-02 11:32:56,True,96becfd382ff77c468ee798cd270fd31
103320079_92BBC98002(metric).pdf,Daten_fuer_KI/final documentation To-9/Halliburton Ratch Latch/103320079_92BBC98002(metric).pdf,103320079_92BBC98002(metric),,-1,2025-12-02 11:33:10,True,3c631034d6f83ff8b438a2786776eb15
103322305_217OO85002-CAC(metric).pdf,Daten_fuer_KI/final documentation To-9/Halliburton Ratch Latch/103322305_217OO85002-CAC(metric).pdf,103322305_217OO85002-CAC(metric),,-1,2025-12-02 11:33:10,True,d450a1587e2a53e9d22e960ab792055f
18380226.pdf,Daten_fuer_KI/final documentation To-9/Halliburton Ratch Latch/18380226.pdf,18380226,,-1,2025-12-02 11:33:10,True,60e912d2eec93bd4ed176dfa5b07b845
18473490.pdf,Daten_fuer_KI/final documentation To-9/Halliburton Ratch Latch/18473490.pdf,18473490,,-1,2025-12-02 11:33:08,True,9ed308fcfb8baca58bca7b487d01c16c
18516051.pdf,Daten_fuer_KI/final documentation To-9/Halliburton Ratch Latch/18516051.pdf,18516051,,-1,2025-12-02 11:33:08,True,9afd0eaa72d434eb81229184c1c8b389
18521713.pdf,Daten_fuer_KI/final documentation To-9/Halliburton Ratch Latch/18521713.pdf,18521713,,-1,2025-12-02 11:33:06,True,09d4a60e8552db4332413633e95509a2
18523891.pdf,Daten_fuer_KI/final documentation To-9/Halliburton Ratch Latch/18523891.pdf,18523891,,-1,2025-12-02 11:33:06,True,119d8c9f2ebf4ff5ee2a72d03f56caba
18529375.pdf,Daten_fuer_KI/final documentation To-9/Halliburton Ratch Latch/18529375.pdf,18529375,,-1,2025-12-02 11:33:06,True,c83d99d92672a8d5b4dcef0ac537b50e
18582448.pdf,Daten_fuer_KI/final documentation To-9/Halliburton Ratch Latch/18582448.pdf,18582448,,-1,2025-12-02 11:33:04,True,938c2ca35abf39569477eeacd4c486af
18582498.pdf,Daten_fuer_KI/final documentation To-9/Halliburton Ratch Latch/18582498.pdf,18582498,,-1,2025-12-02 11:33:04,True,d5307314ebcbda4f9fa9815593a2c31c
18603030.pdf,Daten_fuer_KI/final documentation To-9/Halliburton Ratch Latch/18603030.pdf,18603030,,-1,2025-12-02 11:33:02,True,16e34d83a3a4ea68a52ce8a3cbf5d01e
18609765.pdf,Daten_fuer_KI/final documentation To-9/Halliburton Ratch Latch/18609765.pdf,18609765,,-1,2025-12-02 11:33:02,True,7dbe995aba52ca92994f2b20dfcf5099
18610520.pdf,Daten_fuer_KI/final documentation To-9/Halliburton Ratch Latch/18610520.pdf,18610520,,-1,2025-12-02 11:33:00,True,8c39034a76e97a56db95a71ae684d9bd
DENMARK RATCH LATCH _4.pdf,Daten_fuer_KI/final documentation To-9/Halliburton Ratch Latch/DENMARK RATCH LATCH _4.pdf,DENMARK RATCH LATCH _4,,-1,2025-12-02 11:32:58,True,3cd3d229c2a32cce4b2b419e3dbf6379
DENMARK RATCH LATCH _5.pdf,Daten_fuer_KI/final documentation To-9/Halliburton Ratch Latch/DENMARK RATCH LATCH _5.pdf,DENMARK RATCH LATCH _5,,-1,2025-12-02 11:32:58,True,422547b1339c46b8ca8a1728ba81a938
EESSA_DK_Ratch Latch Assembly_LL Torup_SAMSRev1.pdf,Daten_fuer_KI/final documentation To-9/Halliburton Ratch Latch/EESSA_DK_Ratch Latch Assembly_LL Torup_SAMSRev1.pdf,EESSA_DK_Ratch Latch Assembly_LL Torup_SAMSRev1,,-1,2025-12-02 11:32:58,True,8451c704d43142a6f42bafbd41f0015b
Recompletion To-8.pdf,Daten_fuer_KI/final documentation To-9/HSE/Recompletion To-8.pdf,Recompletion To-8,,-1,2026-03-17 11:34:14,True,97e12ebdebb3c20ad48769c5f9fb3d86
Start Up Meetings.pdf,Daten_fuer_KI/final documentation To-9/HSE/Start Up Meetings.pdf,Start Up Meetings,,-1,2026-03-17 11:43:22,True,576ad8d48d4865017bd34236f5340e17
Lieferschein (EN).pdf,Daten_fuer_KI/final documentation To-9/Welding/Lieferschein (EN).pdf,Lieferschein (EN),,-1,2025-12-11 11:11:22,True,bfd1e98bbd6fb4e1ba38a07872cdba9b
Projektdurchlauf.pdf,Daten_fuer_KI/final documentation To-9/Welding/Projektdurchlauf.pdf,Projektdurchlauf,,-1,2025-11-13 17:46:42,True,c514399fcb4ffce2232648ea263f0050
Purchase Order.pdf,Daten_fuer_KI/final documentation To-9/Welding/Purchase Order.pdf,Purchase Order,,-1,2025-11-13 17:34:04,True,2d1b080d6360aa98e6569ef74f751662
surveyor's statement.pdf,Daten_fuer_KI/final documentation To-9/Welding/A_surveyor's statement/surveyor's statement.pdf,surveyor's statement,,-1,2025-12-11 10:50:08,True,d93abc8c580e97b44a8b4c505327a398
Pipe book Torup_To-9.pdf,Daten_fuer_KI/final documentation To-9/Welding/B_pipe book---/Pipe book Torup_To-9.pdf,Pipe book Torup_To-9,,-1,2025-12-11 11:20:44,True,4a1f4b5dfa12b8bea9569930dc1705c4
1. certificate according to EN 1090-2.pdf,Daten_fuer_KI/final documentation To-9/Welding/C_manufacturer qualification/1. certificate according to EN 1090-2.pdf,1. certificate according to EN 1090-2,,-1,2025-11-13 15:32:02,True,d8ca7dc996db093c0aceb7ef5e5726ea
2. certificate according to DIN EN ISO 9001.pdf,Daten_fuer_KI/final documentation To-9/Welding/C_manufacturer qualification/2. certificate according to DIN EN ISO 9001.pdf,2. certificate according to DIN EN ISO 9001,,-1,2025-11-13 15:33:30,True,cc7351d968c4bc28e2bdb494cb7981d2
3. certificate according to DIN EN ISO 3834-2.pdf,Daten_fuer_KI/final documentation To-9/Welding/C_manufacturer qualification/3. certificate according to DIN EN ISO 3834-2.pdf,3. certificate according to DIN EN ISO 3834-2,,-1,2025-11-13 15:34:42,True,8e558430f7b29c0d6602bc4d8f56c9d0
4. certificate according to AD 2000-Merkblatt HP0_HP100R.pdf,Daten_fuer_KI/final documentation To-9/Welding/C_manufacturer qualification/4. certificate according to AD 2000-Merkblatt HP0_HP100R.pdf,4. certificate according to AD 2000-Merkblatt HP0_HP100R,,-1,2025-11-13 15:35:28,True,4e5b02a8ba93a164e0194d8ff639c350
"Kochanowski, Uwe.pdf","Daten_fuer_KI/final documentation To-9/Welding/D_certificate of welding supervisor/Kochanowski, Uwe.pdf","Kochanowski, Uwe",,-1,2022-09-20 16:00:00,True,c203a641a8201f1faa03f34fbc568918
WPS No 1 - J55_(WPQR 101)_To_9_Rev0.pdf,Daten_fuer_KI/final documentation To-9/Welding/E_WPS/WPS No 1 - J55_(WPQR 101)_To_9_Rev0.pdf,WPS No 1 - J55_(WPQR 101)_To_9,Rev0,0,2025-10-14 18:30:00,True,71990dc40fcdcbf81d7ab6f36148d47b
WPS No 2 - N80Q_J55_(WPQR 392)_To_9_Rev0.pdf,Daten_fuer_KI/final documentation To-9/Welding/E_WPS/WPS No 2 - N80Q_J55_(WPQR 392)_To_9_Rev0.pdf,WPS No 2 - N80Q_J55_(WPQR 392)_To_9,Rev0,0,2025-10-14 18:31:32,True,3dedd01d9c29df97ea5311a31784dd83
WPS No 3 - N80Q_(WPQR399)_To_9_Rev0.pdf,Daten_fuer_KI/final documentation To-9/Welding/E_WPS/WPS No 3 - N80Q_(WPQR399)_To_9_Rev0.pdf,WPS No 3 - N80Q_(WPQR399)_To_9,Rev0,0,2025-10-14 18:32:46,True,4fe77444708eacd48e837b57128a5bc3
WPQR 101 .pdf,Daten_fuer_KI/final documentation To-9/Welding/F_WPQR/WPQR 101 .pdf,WPQR 101 ,,-1,2025-03-11 10:06:26,True,67cb1ee3fe62af79dd5c3389e1d9b282
WPQR 392.pdf,Daten_fuer_KI/final documentation To-9/Welding/F_WPQR/WPQR 392.pdf,WPQR 392,,-1,2022-06-07 08:41:36,True,8e27902db2f97e0faf4c917b79983b41
WPQR 399.pdf,Daten_fuer_KI/final documentation To-9/Welding/F_WPQR/WPQR 399.pdf,WPQR 399,,-1,2020-07-02 08:58:22,True,cd5f72ecb4aea793c3d42f852e411a8e
110-Schnuck Christopher-BW-FW-141_111.pdf,Daten_fuer_KI/final documentation To-9/Welding/G_welding certificates/110-Schnuck Christopher-BW-FW-141_111.pdf,110-Schnuck Christopher-BW-FW-141_111,,-1,2025-11-13 15:49:46,True,8548d4a81087ec748961561e8ecb70ce
126-Stangel Stefan-BW-FW-141_111.pdf,Daten_fuer_KI/final documentation To-9/Welding/G_welding certificates/126-Stangel Stefan-BW-FW-141_111.pdf,126-Stangel Stefan-BW-FW-141_111,,-1,2025-11-13 15:43:44,True,5c6abf0336cec07b741ab7ae737dabb1
404-Redenius Jacob Martin-BW-FW-141_111.pdf,Daten_fuer_KI/final documentation To-9/Welding/G_welding certificates/404-Redenius Jacob Martin-BW-FW-141_111.pdf,404-Redenius Jacob Martin-BW-FW-141_111,,-1,2025-11-13 15:51:36,True,72450c32d5663cd3e93f63c1148c7167
534-Vilgem Sergej-BW-FW-141_111.pdf,Daten_fuer_KI/final documentation To-9/Welding/G_welding certificates/534-Vilgem Sergej-BW-FW-141_111.pdf,534-Vilgem Sergej-BW-FW-141_111,,-1,2025-11-13 15:48:50,True,3206d906fbc8ebe319e261b62a2690a9
Employee_certificates-Bujar Prekazi BUP.pdf,Daten_fuer_KI/final documentation To-9/Welding/H_examiner for non-destructive testing/Employee_certificates-Bujar Prekazi BUP.pdf,Employee_certificates-Bujar Prekazi BUP,,-1,2025-11-13 16:13:10,True,cd55ae2f5302a28b25d7ecbeead8cd53
Employee_certificates-Karsten Mollwitz KAM.pdf,Daten_fuer_KI/final documentation To-9/Welding/H_examiner for non-destructive testing/Employee_certificates-Karsten Mollwitz KAM.pdf,Employee_certificates-Karsten Mollwitz KAM,,-1,2025-11-13 16:18:28,True,c677598e3029bb0f6c64d4dffc369789
Employee_certificates-Marius Monkevicius MAM.pdf,Daten_fuer_KI/final documentation To-9/Welding/H_examiner for non-destructive testing/Employee_certificates-Marius Monkevicius MAM.pdf,Employee_certificates-Marius Monkevicius MAM,,-1,2025-11-13 16:47:24,True,1719a121c72422a9d477ed66876d50ee
Employee_certificates-Søren Grønning Mikkelsen SGM.pdf,Daten_fuer_KI/final documentation To-9/Welding/H_examiner for non-destructive testing/Employee_certificates-Søren Grønning Mikkelsen SGM.pdf,Employee_certificates-Søren Grønning Mikkelsen SGM,,-1,2025-11-13 16:50:38,True,27afd67551d7400cccce58b67ffb349b
Phased Arry Ultrasonic_156151-PAUT-001 rev. 01.pdf,Daten_fuer_KI/final documentation To-9/Welding/J_ultrasonic inspection reports/Phased Arry Ultrasonic_156151-PAUT-001 rev. 01.pdf,Phased Arry Ultrasonic_156151-PAUT-001 rev. 01,,-1,2025-12-09 21:11:00,True,7ce1e465587c28bc2de3955ab67e8ab5
Time-of flight diffraction_156151-TOFD-001 rev. 01.pdf,Daten_fuer_KI/final documentation To-9/Welding/J_ultrasonic inspection reports/Time-of flight diffraction_156151-TOFD-001 rev. 01.pdf,Time-of flight diffraction_156151-TOFD-001 rev. 01,,-1,2025-12-09 21:11:00,True,d83e1402ce53a2fc75e3f80530dd3a5d
Magnetic Testing_156151-MT-001.pdf,Daten_fuer_KI/final documentation To-9/Welding/K_magnetic particle inspection reports/Magnetic Testing_156151-MT-001.pdf,Magnetic Testing_156151-MT-001,,-1,2025-11-07 12:28:42,True,55415fa9dfbfd0b76ca458566631de36
Visual Examination_156151-VT-001.pdf,Daten_fuer_KI/final documentation To-9/Welding/L_visual examination/Visual Examination_156151-VT-001.pdf,Visual Examination_156151-VT-001,,-1,2025-11-07 12:28:42,True,78c09d1662a24fb95a6c2c1e4490bac6
"Pipe_9 5_8Zoll_ J55_(244,48 x 11,05 mm)_62608K+62630K.pdf","Daten_fuer_KI/final documentation To-9/Welding/M_inspection certificates/Pipe_9 5_8Zoll_ J55_(244,48 x 11,05 mm)_62608K+62630K.pdf","Pipe_9 5_8Zoll_ J55_(244,48 x 11,05 mm)_62608K+62630K",,-1,2015-06-15 10:05:44,True,313b28d1fb7dfe7087bda5b43fab6e4b
"Pipe_9 5_8Zoll_N80Q_(244,48x11,05 mm)_44780KU.pdf","Daten_fuer_KI/final documentation To-9/Welding/M_inspection certificates/Pipe_9 5_8Zoll_N80Q_(244,48x11,05 mm)_44780KU.pdf","Pipe_9 5_8Zoll_N80Q_(244,48x11,05 mm)_44780KU",,-1,2024-01-16 11:29:40,True,6e8c17f5a9edc9038fa8bb8cb5da6ef7
auxiliary mounting rings.pdf,Daten_fuer_KI/final documentation To-9/Welding/N_auxiliary mounting rings/auxiliary mounting rings.pdf,auxiliary mounting rings,,-1,2024-01-18 10:59:52,True,da4e76c0acba354f0dac504dfc54c223
Torup Denmark MSDS.pdf,Daten_fuer_KI/final documentation To-9/Folder 3/13. Corrosion Inhibitor/Torup Denmark MSDS.pdf,Torup Denmark MSDS,,-1,2023-04-06 10:39:56,True,c1b850bfd9a1f48e208170e6735f4883
230616_Feasibility Hydrogen Storage_AREH_rev00.pdf,Daten_fuer_KI/A7703-882419 - Ausgang/#Belegexemplar/230616_Feasibility Hydrogen Storage_AREH_rev00.pdf,230616_Feasibility Hydrogen Storage_AREH,rev00,0,2023-06-16 12:49:46,True,be9ab6ea19fbf55dd4f8a10aeed8699f
230714_Feasibility Hydrogen Storage_AREH_rev01.pdf,Daten_fuer_KI/A7703-882419 - Ausgang/#Belegexemplar/230714_Feasibility Hydrogen Storage_AREH_rev01.pdf,230714_Feasibility Hydrogen Storage_AREH,rev01,1,2023-07-21 08:32:06,True,4b81574b5ade634436f420130f5678ff
230726_Feasibility hydrogen Storage_GERI_rev00.pdf,Daten_fuer_KI/A7703-882419 - Ausgang/#Belegexemplar/230726_Feasibility hydrogen Storage_GERI_rev00.pdf,230726_Feasibility hydrogen Storage_GERI,rev00,0,2023-07-27 08:30:46,True,bff6b2fc5a3d7bc0b7fc9252856c2359
240912_Salinarmodell_Krh_rev00.pdf,Daten_fuer_KI/A2310-882549 -Ausgang/#Belegexemplar/240912_Salinarmodell_Krh_rev00.pdf,240912_Salinarmodell_Krh,rev00,0,2024-09-16 16:02:08,True,7b6b8c50fd48fd745188302c37425f31
240620_Potentialabschätzung_Krummhörn_rev00.pdf,Daten_fuer_KI/A2310-882549 -Ausgang/240620 Vorab-Abgabe Potentialabschätzung/240620_Potentialabschätzung_Krummhörn_rev00.pdf,240620_Potentialabschätzung_Krummhörn,rev00,0,2024-06-20 17:17:10,True,2b6fcd2010faaed32aa25e935cb2414e
240624_DEEP.KBB_Salinarmodell_Krummhörn_Groothusen.pdf,Daten_fuer_KI/A2310-882549 -Ausgang/240624 Vorab-Abgabe 3D-pdf/240624_DEEP.KBB_Salinarmodell_Krummhörn_Groothusen.pdf,240624_DEEP.KBB_Salinarmodell_Krummhörn_Groothusen,,-1,2024-06-20 11:31:08,True,e88820074a7f06e7e16d305f0588ea7f
240819_3D-Salinarmodell Krummhoern.pdf,Daten_fuer_KI/A2310-882549 -Ausgang/240821 Bericht im Entwurf an Uniper/240819_3D-Salinarmodell Krummhoern.pdf,240819_3D-Salinarmodell Krummhoern,,-1,2024-09-03 16:45:50,True,4c893ceaa8ec0413f1a5ed45eb837c53
240819_Bericht Salinarmodell Krummhoern.pdf,Daten_fuer_KI/A2310-882549 -Ausgang/240821 Bericht im Entwurf an Uniper/240819_Bericht Salinarmodell Krummhoern.pdf,240819_Bericht Salinarmodell Krummhoern,,-1,2024-09-03 16:45:50,True,aa295cc4291c1c33856537a721af21d7
240904_Feedback Brinsa 7_DEEP KBB.pdf,Daten_fuer_KI/6901-882360 - Ausgang/240904 Geological feedback Brinsa 7/240904_Feedback Brinsa 7_DEEP KBB.pdf,240904_Feedback Brinsa 7_DEEP KBB,,-1,2024-09-04 17:20:30,True,7a59ebdc758d44786d843354e034b767
260120 Rock mechanical assessment Brinsa 1 and 2 rev00 draft version.pdf,Daten_fuer_KI/6901-882360 - Ausgang/260121 draft rock mechanical assessement Brinsa 1 2/260120 Rock mechanical assessment Brinsa 1 and 2 rev00 draft version.pdf,260120 Rock mechanical assessment Brinsa 1 and 2 rev00 draft version,,-1,2026-01-21 16:07:26,True,d3525803114061f271247f980bab4295
231012_Brinsa_2D-Seismic-Survey-Design-Study_Report_rev00.pdf,Daten_fuer_KI/6901-882360 - Ausgang/2D Seismic Survey Design Report/231012_Brinsa_2D-Seismic-Survey-Design-Study_Report_rev00.pdf,231012_Brinsa_2D-Seismic-Survey-Design-Study_Report,rev00,0,2023-10-12 19:48:24,True,e38fe9d638b7fa886f7b6cdf983ceb67
Enclosure-1_PLANO-BRINSA-SESQUILE_.pdf,Daten_fuer_KI/6901-882360 - Ausgang/2D Seismic Survey Design Report/Enclosure-1_PLANO-BRINSA-SESQUILE_.pdf,Enclosure-1_PLANO-BRINSA-SESQUILE_,,-1,2022-11-14 18:33:48,True,af08ac285287d5038582f38f7b25d21a
Enclosure-8_DIN-4150-3_engl.pdf,Daten_fuer_KI/6901-882360 - Ausgang/2D Seismic Survey Design Report/Enclosure-8_DIN-4150-3_engl.pdf,Enclosure-8_DIN-4150-3_engl,,-1,2021-05-19 15:07:54,True,7ac59b28da2e2615cc57f7ac53372c5c
2022-11-18_Brinsa_3D-Seismic-Survey-Design-Study_rev00.pdf,Daten_fuer_KI/6901-882360 - Ausgang/3D Seismic Survey Design Report/2022-11-18_Brinsa_3D-Seismic-Survey-Design-Study_rev00.pdf,2022-11-18_Brinsa_3D-Seismic-Survey-Design-Study,rev00,0,2023-01-27 14:48:24,True,cd985622cd24788d62a5607874fb794f
Enclosure-4_Fold-Maps_and_Box-Properties_of_Designed_3D-Seismic-Survey.pdf,Daten_fuer_KI/6901-882360 - Ausgang/3D Seismic Survey Design Report/Enclosure-4_Fold-Maps_and_Box-Properties_of_Designed_3D-Seismic-Survey.pdf,Enclosure-4_Fold-Maps_and_Box-Properties_of_Designed_3D-Seismic-Survey,,-1,2022-11-16 16:10:32,True,0e240b1974eddb07baf6567d5148697b
230718 Memo_Evaluation leaching completions Brinsa 7_rev00.pdf,Daten_fuer_KI/6901-882360 - Ausgang/Evaluation of leaching completions Brinsa 7/230718 Memo_Evaluation leaching completions Brinsa 7_rev00.pdf,230718 Memo_Evaluation leaching completions Brinsa 7,rev00,0,2023-08-01 16:50:30,True,36fa5c9fcf504280fc8648b583907c85
240316_Memo_Evaluation alternative completions Brinsa 7_rev00.pdf,Daten_fuer_KI/6901-882360 - Ausgang/Evaluation of leaching completions Brinsa 7/240316_Memo_Evaluation alternative completions Brinsa 7_rev00.pdf,240316_Memo_Evaluation alternative completions Brinsa 7,rev00,0,2024-03-16 22:38:06,True,db28512ef07c970e23d52e0be9664407
250410 Exploration Program and Leaching Concept Brinsa 7 rev00.pdf,Daten_fuer_KI/6901-882360 - Ausgang/Exploration program and leaching desigh Brinsa 7/250410 Exploration Program and Leaching Concept Brinsa 7 rev00.pdf,250410 Exploration Program and Leaching Concept Brinsa 7,rev00,0,2025-04-10 11:02:58,True,2240463fc29f29724bff02963960f060
231123_Overview_Rock Mechanics_rev00.pdf,Daten_fuer_KI/6901-882360 - Ausgang/Rock mechanical assessment/231123_Overview_Rock Mechanics_rev00.pdf,231123_Overview_Rock Mechanics,rev00,0,2023-11-29 15:06:28,True,04ad0b4be2a196720b1bc05f07a38dbe
231123_Rock Mechanical Assessment of the Brinsa Caverns_rev00.pdf,Daten_fuer_KI/6901-882360 - Ausgang/Rock mechanical assessment/231123_Rock Mechanical Assessment of the Brinsa Caverns_rev00.pdf,231123_Rock Mechanical Assessment of the Brinsa Caverns,rev00,0,2023-11-29 15:02:16,True,c6bed2aafabce175301d8441b53bf630
022-07-13_Presentation_DEEP.KBB_Brinsa_leaching_concepts.pdf,Daten_fuer_KI/6901-882360 - Ausgang/Summary of past Projects/022-07-13_Presentation_DEEP.KBB_Brinsa_leaching_concepts.pdf,022-07-13_Presentation_DEEP.KBB_Brinsa_leaching_concepts,,-1,2022-07-15 16:05:18,True,96d3a2e1170b7ef5e08837d4cdd3d239
150709_Brinsa_Evaluation of working procedures_rev01.pdf,Daten_fuer_KI/6901-882360 - Ausgang/Summary of past Projects/150709_Brinsa_Evaluation of working procedures_rev01.pdf,150709_Brinsa_Evaluation of working procedures,rev01,1,2015-07-13 09:25:08,True,7930ac3045c9b2f16fe3c43c796c5b8b
2022-06-22_Presentation_DEEP.KBB_Brinsa_Considerations_for_New_Seismic_Surveys.pdf,Daten_fuer_KI/6901-882360 - Ausgang/Summary of past Projects/2022-06-22_Presentation_DEEP.KBB_Brinsa_Considerations_for_New_Seismic_Surveys.pdf,2022-06-22_Presentation_DEEP.KBB_Brinsa_Considerations_for_New_Seismic_Surveys,,-1,2022-06-23 16:21:08,True,cbd718ffd304f167563e5694a6e06a27
20230707_DEEP-KBB_Initial_Thoughts_about_New_2D-Seismic-Profiles_rev00.pdf,Daten_fuer_KI/6901-882360 - Ausgang/Summary of past Projects/20230707_DEEP-KBB_Initial_Thoughts_about_New_2D-Seismic-Profiles_rev00.pdf,20230707_DEEP-KBB_Initial_Thoughts_about_New_2D-Seismic-Profiles,rev00,0,2023-07-11 10:18:52,True,ba0f0746b89482db4ce5af906c93a76a
210423_Presentation_Brinsa2_rev00.pdf,Daten_fuer_KI/6901-882360 - Ausgang/Summary of past Projects/210423_Presentation_Brinsa2_rev00.pdf,210423_Presentation_Brinsa2,rev00,0,2021-04-23 16:33:16,True,84314924d7d47bff7e7733bee8002bfb
211014 Memo_Evaluation leaching completions Brinsa4_rev00.pdf,Daten_fuer_KI/6901-882360 - Ausgang/Summary of past Projects/211014 Memo_Evaluation leaching completions Brinsa4_rev00.pdf,211014 Memo_Evaluation leaching completions Brinsa4,rev00,0,2021-10-14 15:55:28,True,ea4e6cc59a73ffca8e4304ab13ff3c85
211022 Memo_Evaluation Hydraulic Pressures Brinsa1_rev00_DRAFT.pdf,Daten_fuer_KI/6901-882360 - Ausgang/Summary of past Projects/211022 Memo_Evaluation Hydraulic Pressures Brinsa1_rev00_DRAFT.pdf,211022 Memo_Evaluation Hydraulic Pressures Brinsa1_rev00_DRAFT,,-1,2021-10-24 15:47:20,True,a8dd854feefdfcebb248b9881199f4cf
211123 Technical and Risk assessment Brinsa 2_DRAFT.pdf,Daten_fuer_KI/6901-882360 - Ausgang/Summary of past Projects/211123 Technical and Risk assessment Brinsa 2_DRAFT.pdf,211123 Technical and Risk assessment Brinsa 2_DRAFT,,-1,2021-11-23 13:55:38,True,9ad15d6477e68f513d6bedfb7f6bd758
220622_Presentation_DEEP.KBB_Cavern_Brinsa_2_Leaching_Concepts.pdf,Daten_fuer_KI/6901-882360 - Ausgang/Summary of past Projects/220622_Presentation_DEEP.KBB_Cavern_Brinsa_2_Leaching_Concepts.pdf,220622_Presentation_DEEP.KBB_Cavern_Brinsa_2_Leaching_Concepts,,-1,2022-06-23 15:46:50,True,f956a0b65bb97185a161015a067b3330
220913_Leaching_Concepts_Brinsa_Caverns.pdf,Daten_fuer_KI/6901-882360 - Ausgang/Summary of past Projects/220913_Leaching_Concepts_Brinsa_Caverns.pdf,220913_Leaching_Concepts_Brinsa_Caverns,,-1,2024-08-01 10:46:06,True,d0c8adab47eb81359c14c4657cd1366b
230922_DEEP-KBB_New_Suggestion_2D-Profiles_rev00.pdf,Daten_fuer_KI/6901-882360 - Ausgang/Summary of past Projects/230922_DEEP-KBB_New_Suggestion_2D-Profiles_rev00.pdf,230922_DEEP-KBB_New_Suggestion_2D-Profiles,rev00,0,2023-09-22 17:21:32,True,662d0521ef46dbb82c6bb6f0405836fb
250611_FEED Studie_Neo-Kavernen H2_rev03.pdf,Daten_fuer_KI/2129-882679 - Ausgang/251216 FEED Rev03 an NWKG/250611_FEED Studie_Neo-Kavernen H2_rev03.pdf,250611_FEED Studie_Neo-Kavernen H2,rev03,3,2025-12-16 15:13:02,True,5e472604e0a157db1af051fd85764097
Anhang O Auslegungen Rohrtouren_rev02.pdf,Daten_fuer_KI/2129-882679 - Ausgang/251216 FEED Rev03 an NWKG/Anhang O Auslegungen Rohrtouren_rev02.pdf,Anhang O Auslegungen Rohrtouren,rev02,2,2025-12-16 11:45:20,True,8ec6ca7e803efceb23f39592b7a9a9f3
241007_K501_Bewertung geologisches Umfeld_rev00.pdf,Daten_fuer_KI/2128-882476 - Ausgang/#Belegexemplar/241007_K501_Bewertung geologisches Umfeld_rev00.pdf,241007_K501_Bewertung geologisches Umfeld,rev00,0,2024-10-07 15:19:00,True,2d430702ead0634aefc5a9b6b42c3633
241007_K501_Vermerk Kavernenreinigung_rev00.pdf,Daten_fuer_KI/2128-882476 - Ausgang/#Belegexemplar/241007_K501_Vermerk Kavernenreinigung_rev00.pdf,241007_K501_Vermerk Kavernenreinigung,rev00,0,2024-10-07 15:18:58,True,1fa1bb8163d4f577c80269085cddea1e
241111_Protokoll_Meeting Spezifikationen LLI_rev00.pdf,Daten_fuer_KI/2128-882476 - Ausgang/241111_Protokoll_Meeting_Spezifikationen LLI/241111_Protokoll_Meeting Spezifikationen LLI_rev00.pdf,241111_Protokoll_Meeting Spezifikationen LLI,rev00,0,2025-01-06 14:26:16,True,2fcd1a449718bbfe317a2535d6a7106a
241206 Nachtrag Aussolbetrieb K501 rev00.pdf,Daten_fuer_KI/2128-882476 - Ausgang/241206_Nachtrag Aussolbetriebsplan/241206 Nachtrag Aussolbetrieb K501 rev00.pdf,241206 Nachtrag Aussolbetrieb K501,rev00,0,2024-12-06 15:11:00,True,ccc6db7ad2ef66a0e36754b23d7f7d7c
241213 K501 Solkonzept Update_02B_rev01.pdf,Daten_fuer_KI/2128-882476 - Ausgang/241213 Solkonzept Update_02B_K501/241213 K501 Solkonzept Update_02B_rev01.pdf,241213 K501 Solkonzept Update_02B,rev01,1,2024-12-19 14:14:02,True,5b4827b96c5767b0e5d210c89b27fc95
A1 - B IfG 11_25_2018_Wasserstoffspeicher_K501_F.pdf,Daten_fuer_KI/2128-882476 - Ausgang/241217_Nachtrag Aussolbetriebsplan - Update/A1 - B IfG 11_25_2018_Wasserstoffspeicher_K501_F.pdf,A1 - B IfG 11_25_2018_Wasserstoffspeicher_K501_F,,-1,2024-12-17 16:03:08,True,1cf970df8292e6ccf4c346e7ff7c1774
A2 - Anlage A_Profil K501.pdf,Daten_fuer_KI/2128-882476 - Ausgang/241217_Nachtrag Aussolbetriebsplan - Update/A2 - Anlage A_Profil K501.pdf,A2 - Anlage A_Profil K501,,-1,2024-12-17 16:03:10,True,b558737cae6ec3ef9ee820e76d0f99a1
A3 - 241128_Abstände_K501_rev00a.pdf,Daten_fuer_KI/2128-882476 - Ausgang/241217_Nachtrag Aussolbetriebsplan - Update/A3 - 241128_Abstände_K501_rev00a.pdf,A3 - 241128_Abstände_K501,rev00a,0,2024-12-17 16:03:12,True,bb7a16ddc4d12bfb95ac066c1395c3a8
250117_Zeitplan Kaskade K501 Rüstringen_rev00.pdf,Daten_fuer_KI/2128-882476 - Ausgang/250117_Indikativer Zeitplan Kaskade K501/250117_Zeitplan Kaskade K501 Rüstringen_rev00.pdf,250117_Zeitplan Kaskade K501 Rüstringen,rev00,0,2025-01-20 10:20:10,True,90062b4626e3c309fbbdc6533b0ffc1d
250122 Komplettierung K501 ohne Soleentleerungsstrang_rev00.pdf,Daten_fuer_KI/2128-882476 - Ausgang/250123_Teufen + Pfundstärken Komplettierung K501/250122 Komplettierung K501 ohne Soleentleerungsstrang_rev00.pdf,250122 Komplettierung K501 ohne Soleentleerungsstrang,rev00,0,2025-01-23 12:12:14,True,d2034b0256c730de831b9dc8cf06c151
250122 Übersicht Komplettierung K501_rev00.pdf,Daten_fuer_KI/2128-882476 - Ausgang/250123_Teufen + Pfundstärken Komplettierung K501/250122 Übersicht Komplettierung K501_rev00.pdf,250122 Übersicht Komplettierung K501,rev00,0,2025-01-23 12:12:14,True,7095eede8d04b7e9cd596ff085adb2d1
250131_Temperaturverlauf K501_rev00.pdf,Daten_fuer_KI/2128-882476 - Ausgang/250131_Temperaturverlauf K501/250131_Temperaturverlauf K501_rev00.pdf,250131_Temperaturverlauf K501,rev00,0,2025-02-03 14:31:16,True,bb572f5068a724397784c8f7591fa878
250616_Thermodynamische Bewertung K501 Wasserstoffspeicherung_rev00.pdf,Daten_fuer_KI/2128-882476 - Ausgang/250616_Thermodynamische Bewertung K501/250616_Thermodynamische Bewertung K501 Wasserstoffspeicherung_rev00.pdf,250616_Thermodynamische Bewertung K501 Wasserstoffspeicherung,rev00,0,2025-06-16 16:23:06,True,f89b7acf3660f821d540b29bd94329c6
250605_Monatsbericht_K501_Nr06_rev01.pdf,Daten_fuer_KI/2128-882476 - Ausgang/251002_K501 Monatsbericht Nr. 10 09-25_Rev 04+05-25/250605_Monatsbericht_K501_Nr06_rev01.pdf,250605_Monatsbericht_K501_Nr06,rev01,1,2025-10-02 13:11:00,True,6852333008f640a69ad6c550b60572d6
250829_Monatsbericht_K501_Nr05_rev01.pdf,Daten_fuer_KI/2128-882476 - Ausgang/251002_K501 Monatsbericht Nr. 10 09-25_Rev 04+05-25/250829_Monatsbericht_K501_Nr05_rev01.pdf,250829_Monatsbericht_K501_Nr05,rev01,1,2025-10-02 13:11:00,True,aae361cf27c8fe71964876acc850f677
251001_Monatsbericht_K501_Nr10_rev00.pdf,Daten_fuer_KI/2128-882476 - Ausgang/251002_K501 Monatsbericht Nr. 10 09-25_Rev 04+05-25/251001_Monatsbericht_K501_Nr10_rev00.pdf,251001_Monatsbericht_K501_Nr10,rev00,0,2025-10-02 13:11:00,True,aa3696d5c62b6da22b8c4dd074918001
251125_Integritaetsbewertung_K501_rev00.pdf,Daten_fuer_KI/2128-882476 - Ausgang/251125_Integritätsbewertung K501/251125_Integritaetsbewertung_K501_rev00.pdf,251125_Integritaetsbewertung_K501,rev00,0,2025-11-25 13:00:00,True,954af7141ee8f96f2046d7e944eedc71
251110_K501_Solkonzept_Update_03_rev01.pdf,Daten_fuer_KI/2128-882476 - Ausgang/251201_Solkonzept_Wasserstoff_K501_IfG/251110_K501_Solkonzept_Update_03_rev01.pdf,251110_K501_Solkonzept_Update_03,rev01,1,2025-12-01 11:46:00,True,93a14fae46d1ac3a3d97ce064cdfd1eb
240726_K505_Geologisch-soltechnisch-geochemische Bewertung_rev00.pdf,Daten_fuer_KI/2127-882044 - Ausgang/240726_GSG K505/240726_K505_Geologisch-soltechnisch-geochemische Bewertung_rev00.pdf,240726_K505_Geologisch-soltechnisch-geochemische Bewertung,rev00,0,2024-07-26 16:08:56,True,d1b9edbf61d628d4932aaca32ef31409
Anlage 10_Geologische Potentialbewertung Verteiler 6_rev01.pdf,Daten_fuer_KI/2124-881426 - Abgabe 2020/Abgabe/Anlage 10_Geologische Potentialbewertung Verteiler 6_rev01.pdf,Anlage 10_Geologische Potentialbewertung Verteiler 6,rev01,1,2019-05-28 10:20:28,True,9bdc4f7e20e4b4fe5a688950413ea6d3
Anlage 11_Uebersichtskarte erweiterte Profilschnitte Salinar_rev00.pdf,Daten_fuer_KI/2124-881426 - Abgabe 2020/Abgabe/Anlage 11_Uebersichtskarte erweiterte Profilschnitte Salinar_rev00.pdf,Anlage 11_Uebersichtskarte erweiterte Profilschnitte Salinar,rev00,0,2020-01-16 13:12:54,True,6f670cd70f8e033197cc417d5e4ad0e6
Anlage 12_Erweiterte Profilschnitte Salinar_rev00.pdf,Daten_fuer_KI/2124-881426 - Abgabe 2020/Abgabe/Anlage 12_Erweiterte Profilschnitte Salinar_rev00.pdf,Anlage 12_Erweiterte Profilschnitte Salinar,rev00,0,2020-01-22 14:11:46,True,2e7f1e36bed67248f4004994d5ceff02
Anlage 12_Erweiterte Profilschnitte Salinar_rev00.pdf,Daten_fuer_KI/2124-881426 - Abgabe 2020/Abgabe/00_Archiv/Anlage 12_Erweiterte Profilschnitte Salinar_rev00.pdf,Anlage 12_Erweiterte Profilschnitte Salinar,rev00,0,2020-01-21 16:20:08,False,d5d9f93255770204fd842baa2916be9c
Anlage 1_Uebersichtskarte Bohrungen.pdf,Daten_fuer_KI/2124-881426 - Abgabe 2020/Abgabe/Anlage 1_Uebersichtskarte Bohrungen.pdf,Anlage 1_Uebersichtskarte Bohrungen,,-1,2018-12-12 15:09:42,True,2e37469118158f1b169fea1ff1e92f04
Anlage 2_Uebersichtskarte Profilschnitte Deckgebirge.pdf,Daten_fuer_KI/2124-881426 - Abgabe 2020/Abgabe/Anlage 2_Uebersichtskarte Profilschnitte Deckgebirge.pdf,Anlage 2_Uebersichtskarte Profilschnitte Deckgebirge,,-1,2018-12-12 14:56:44,True,55fc347fb63333567bb1605be314b4e2
Anlage 3_Profile Deckgebirge_rev01.pdf,Daten_fuer_KI/2124-881426 - Abgabe 2020/Abgabe/Anlage 3_Profile Deckgebirge_rev01.pdf,Anlage 3_Profile Deckgebirge,rev01,1,2020-01-22 14:04:44,True,42583ed42a6687b120a8af0a626591b4
Anlage 3_Profile Deckgebirge.pdf,Daten_fuer_KI/2124-881426 - Abgabe 2020/Abgabe/00_Archiv/Anlage 3_Profile Deckgebirge.pdf,Anlage 3_Profile Deckgebirge,,-1,2018-12-13 09:28:56,False,3a76c339a3d41a6cf8b614fddb4c3f8f
Anlage 3_Profile Deckgebirge_rev01.pdf,Daten_fuer_KI/2124-881426 - Abgabe 2020/Abgabe/00_Archiv/Anlage 3_Profile Deckgebirge_rev01.pdf,Anlage 3_Profile Deckgebirge,rev01,1,2018-12-18 10:53:16,False,7ca40e8254740b673d3c2ab77b756b6e
Anlage 4_Uebersichtskarte Profilschnitte Salinar.pdf,Daten_fuer_KI/2124-881426 - Abgabe 2020/Abgabe/Anlage 4_Uebersichtskarte Profilschnitte Salinar.pdf,Anlage 4_Uebersichtskarte Profilschnitte Salinar,,-1,2018-12-12 15:08:30,True,72fd488d87cdb8133636558658594579
Anlage 5_Profile Salinar_rev01.pdf,Daten_fuer_KI/2124-881426 - Abgabe 2020/Abgabe/Anlage 5_Profile Salinar_rev01.pdf,Anlage 5_Profile Salinar,rev01,1,2018-12-20 15:22:20,True,d5f6ca8eb93e76d3a865d2f0e25d7125
Anlage 5_Profile Salinar.pdf,Daten_fuer_KI/2124-881426 - Abgabe 2020/Abgabe/00_Archiv/Anlage 5_Profile Salinar.pdf,Anlage 5_Profile Salinar,,-1,2018-12-12 16:39:38,False,2fefef9409eb91cdb26b29dbbefd0b49
Anlage 6_Horizontalprofile_rev01.pdf,Daten_fuer_KI/2124-881426 - Abgabe 2020/Abgabe/Anlage 6_Horizontalprofile_rev01.pdf,Anlage 6_Horizontalprofile,rev01,1,2018-12-19 10:52:54,True,0a6be0cf1d76cc31f341e10af0608beb
Anlage 6_Horizontalprofile.pdf,Daten_fuer_KI/2124-881426 - Abgabe 2020/Abgabe/00_Archiv/Anlage 6_Horizontalprofile.pdf,Anlage 6_Horizontalprofile,,-1,2018-12-12 15:49:58,False,fc935ebb0967a6f1c7d92a8e5b06a5fc
Anlage 7_Schichtenverzeichnisse_rev02.pdf,Daten_fuer_KI/2124-881426 - Abgabe 2020/Abgabe/Anlage 7_Schichtenverzeichnisse_rev02.pdf,Anlage 7_Schichtenverzeichnisse,rev02,2,2019-11-07 15:05:10,True,c2e422741e0669127965d3b2fa4434d2
Anlage 7_Schichtenverzeichnisse.pdf,Daten_fuer_KI/2124-881426 - Abgabe 2020/Abgabe/00_Archiv/Anlage 7_Schichtenverzeichnisse.pdf,Anlage 7_Schichtenverzeichnisse,,-1,2018-12-12 17:40:58,False,f4035c8078f1f10b90ac329f5ea0e74d
Anlage 7_Schichtenverzeichnisse_rev01.pdf,Daten_fuer_KI/2124-881426 - Abgabe 2020/Abgabe/00_Archiv/Anlage 7_Schichtenverzeichnisse_rev01.pdf,Anlage 7_Schichtenverzeichnisse,rev01,1,2018-12-20 17:42:06,False,695fe948eff1c78cc349c818ea6c5a0a
Anlage 8_3D PDF Deckgebirge Ruestringen_rev01.pdf,Daten_fuer_KI/2124-881426 - Abgabe 2020/Abgabe/Anlage 8_3D PDF Deckgebirge Ruestringen_rev01.pdf,Anlage 8_3D PDF Deckgebirge Ruestringen,rev01,1,2018-12-18 11:47:20,True,42677a0b14cab54dcccd8dd2c3dc5ecd
Anlage 8_3D PDF Deckgebirge Ruestringen.pdf,Daten_fuer_KI/2124-881426 - Abgabe 2020/Abgabe/00_Archiv/Anlage 8_3D PDF Deckgebirge Ruestringen.pdf,Anlage 8_3D PDF Deckgebirge Ruestringen,,-1,2018-08-23 14:54:00,False,61c36971d68c9de2e4ae7f9806979be3
Anlage 9_ 3D PDF Salinar Ruestringen_rev01.pdf,Daten_fuer_KI/2124-881426 - Abgabe 2020/Abgabe/Anlage 9_ 3D PDF Salinar Ruestringen_rev01.pdf,Anlage 9_ 3D PDF Salinar Ruestringen,rev01,1,2020-01-22 12:34:30,True,71df17592e478f22f1f589d0536ffec1
Kurzbericht_rev01.pdf,Daten_fuer_KI/2124-881426 - Abgabe 2020/Abgabe/Kurzbericht_rev01.pdf,Kurzbericht,rev01,1,2019-01-07 15:52:22,True,bae4b6460a403a7f197521298c123403
Anlage 9_3D PDF Salinar Ruestringen.pdf,Daten_fuer_KI/2124-881426 - Abgabe 2020/Abgabe/00_Archiv/Anlage 9_3D PDF Salinar Ruestringen.pdf,Anlage 9_3D PDF Salinar Ruestringen,,-1,2018-12-12 11:25:06,False,c24a3efb78c02bc20af2cc06ce3c2325
Anlage 9_3D PDF Salinar Ruestringen_rev01.pdf,Daten_fuer_KI/2124-881426 - Abgabe 2020/Abgabe/00_Archiv/Anlage 9_3D PDF Salinar Ruestringen_rev01.pdf,Anlage 9_3D PDF Salinar Ruestringen,rev01,1,2018-12-18 12:50:24,True,f873939194832f68aac0510be5ec991f
180612_Kurzbericht Modellierungsarbeiten_Rüstringen_rev01d.pdf,Daten_fuer_KI/2124-881426 - Abgabe 2020/Abgabe/CD/180612_Kurzbericht Modellierungsarbeiten_Rüstringen_rev01d.pdf,180612_Kurzbericht Modellierungsarbeiten_Rüstringen,rev01d,1,2020-02-05 13:33:08,True,46f16ea400f47194fafca3b19394e0cc
2001204_3DModell_Ruestringen_2018_rev01.pdf,Daten_fuer_KI/2124-881426 - Abgabe 2020/Abgabe/CD/2001204_3DModell_Ruestringen_2018_rev01.pdf,2001204_3DModell_Ruestringen_2018,rev01,1,2020-02-04 16:36:38,True,d360206f8a42aebb0834d3aa03369452
Anlage 9_3D PDF Salinar Ruestringen_rev01.d.pdf,Daten_fuer_KI/2124-881426 - Abgabe 2020/Abgabe/CD/Anlage 9_3D PDF Salinar Ruestringen_rev01.d.pdf,Anlage 9_3D PDF Salinar Ruestringen_rev01.d,,-1,2020-02-04 16:42:54,True,dc7cf3aea1566058d0e33d8fee62c8a9
Geologische Säulenprofile_gesamt_rev00.pdf,Daten_fuer_KI/2124-881426 - Abgabe 2020/Abgabe/Geolog. Säulenprofile/Geologische Säulenprofile_gesamt_rev00.pdf,Geologische Säulenprofile_gesamt,rev00,0,2018-12-19 10:08:18,True,e8682276b9cbf3b611d8624898e679a9
200116_Erweiterte Profilschnitte Salinar_rev00a.pdf,Daten_fuer_KI/2124-881426 - Abgabe 2020/Abgabe/zus Profilschnitte/200116_Erweiterte Profilschnitte Salinar_rev00a.pdf,200116_Erweiterte Profilschnitte Salinar,rev00a,0,2020-01-16 16:03:44,False,afcb2575daf0ef257b2421bf3b1541f9
200116_Erweiterte Profilschnitte Salinar_rev00b.pdf,Daten_fuer_KI/2124-881426 - Abgabe 2020/Abgabe/zus Profilschnitte/200116_Erweiterte Profilschnitte Salinar_rev00b.pdf,200116_Erweiterte Profilschnitte Salinar,rev00b,0,2020-01-16 16:39:30,True,95da49a6a1f8b5030e9080c223eb545a
200116_Karte_zusaetzliche Profile_rev00b.pdf,Daten_fuer_KI/2124-881426 - Abgabe 2020/Abgabe/zus Profilschnitte/200116_Karte_zusaetzliche Profile_rev00b.pdf,200116_Karte_zusaetzliche Profile,rev00b,0,2020-01-16 16:44:40,True,926e616f6e13ee5f3783e9aece42815e
200121_Profil Rüstringen_K801-K803-K804.pdf,Daten_fuer_KI/2124-881426 - Abgabe 2020/Abgabe/zus Profilschnitte/200121_Profil Rüstringen_K801-K803-K804.pdf,200121_Profil Rüstringen_K801-K803-K804,,-1,2020-01-21 18:14:52,True,93b2c47f5e2076986dd478cfdb79eff8
190927_Vorlage_zus_Profile_rev00a.pdf,Daten_fuer_KI/2124-881426 - Abgabe 2020/Abgabe/zus Profilschnitte/Archiv/190927_Vorlage_zus_Profile_rev00a.pdf,190927_Vorlage_zus_Profile,rev00a,0,2019-09-27 10:52:12,False,a90bca962e7593bbd6fa9b33c46b9bf5
190927_Vorlage_zus_Profile_rev00b.pdf,Daten_fuer_KI/2124-881426 - Abgabe 2020/Abgabe/zus Profilschnitte/Archiv/190927_Vorlage_zus_Profile_rev00b.pdf,190927_Vorlage_zus_Profile,rev00b,0,2019-09-27 11:50:10,True,6a09fb5d9757d5fcca5126a25a65d917
200115_Profil_A-A'_rev00a.pdf,Daten_fuer_KI/2124-881426 - Abgabe 2020/Abgabe/zus Profilschnitte/PDF/200115_Profil_A-A'_rev00a.pdf,200115_Profil_A-A',rev00a,0,2020-01-16 12:17:14,False,7ee03679108be787ae733443244d3b93
200115_Profil_A-A'_rev00b.pdf,Daten_fuer_KI/2124-881426 - Abgabe 2020/Abgabe/zus Profilschnitte/PDF/200115_Profil_A-A'_rev00b.pdf,200115_Profil_A-A',rev00b,0,2020-01-16 15:45:30,False,8e1bc53f36c30f1bbc48aa1881487e65
200115_Profil_A-A'_rev00c.pdf,Daten_fuer_KI/2124-881426 - Abgabe 2020/Abgabe/zus Profilschnitte/PDF/200115_Profil_A-A'_rev00c.pdf,200115_Profil_A-A',rev00c,0,2020-01-16 16:35:24,True,a3b6195cc37b3ca87752f8914e22625d
200115_Profil_B-B'_rev00a.pdf,Daten_fuer_KI/2124-881426 - Abgabe 2020/Abgabe/zus Profilschnitte/PDF/200115_Profil_B-B'_rev00a.pdf,200115_Profil_B-B',rev00a,0,2020-01-15 16:20:06,False,8596396ac06784fc5a3442080f206f45
200115_Profil_B-B'_rev00b.pdf,Daten_fuer_KI/2124-881426 - Abgabe 2020/Abgabe/zus Profilschnitte/PDF/200115_Profil_B-B'_rev00b.pdf,200115_Profil_B-B',rev00b,0,2020-01-16 15:58:18,False,e6b817dcf1972e6663bda572d485c28f
200115_Profil_B-B'_rev00c.pdf,Daten_fuer_KI/2124-881426 - Abgabe 2020/Abgabe/zus Profilschnitte/PDF/200115_Profil_B-B'_rev00c.pdf,200115_Profil_B-B',rev00c,0,2020-01-16 16:35:44,True,88552d46929d0b2bf4cca51dff335646
200115_Profil_C-C'_rev00a.pdf,Daten_fuer_KI/2124-881426 - Abgabe 2020/Abgabe/zus Profilschnitte/PDF/200115_Profil_C-C'_rev00a.pdf,200115_Profil_C-C',rev00a,0,2020-01-16 15:58:58,False,e980b8c0cb5f303771c6074dadc158e0
200115_Profil_C-C'_rev00b.pdf,Daten_fuer_KI/2124-881426 - Abgabe 2020/Abgabe/zus Profilschnitte/PDF/200115_Profil_C-C'_rev00b.pdf,200115_Profil_C-C',rev00b,0,2020-01-16 16:36:06,True,912bb4c111fe87ae9bf37e0bdfc3ed17
200115_Profil_D-D'_rev00a.pdf,Daten_fuer_KI/2124-881426 - Abgabe 2020/Abgabe/zus Profilschnitte/PDF/200115_Profil_D-D'_rev00a.pdf,200115_Profil_D-D',rev00a,0,2020-01-15 15:11:00,False,83b335dee4ade2a3c1cf123b937131fc
200115_Profil_D-D'_rev00b.pdf,Daten_fuer_KI/2124-881426 - Abgabe 2020/Abgabe/zus Profilschnitte/PDF/200115_Profil_D-D'_rev00b.pdf,200115_Profil_D-D',rev00b,0,2020-01-15 16:21:44,False,207e242fc85777e95b8ef9580401f001
200115_Profil_D-D'_rev00c.pdf,Daten_fuer_KI/2124-881426 - Abgabe 2020/Abgabe/zus Profilschnitte/PDF/200115_Profil_D-D'_rev00c.pdf,200115_Profil_D-D',rev00c,0,2020-01-16 15:59:36,False,b1e4315678f75faec78c8c12be721693
200115_Profil_D-D'_rev00d.pdf,Daten_fuer_KI/2124-881426 - Abgabe 2020/Abgabe/zus Profilschnitte/PDF/200115_Profil_D-D'_rev00d.pdf,200115_Profil_D-D',rev00d,0,2020-01-16 16:36:28,False,1a76c44d9f87c99ad7dc7b3a01ac726c
200115_Profil_D-D'_rev00e.pdf,Daten_fuer_KI/2124-881426 - Abgabe 2020/Abgabe/zus Profilschnitte/PDF/200115_Profil_D-D'_rev00e.pdf,200115_Profil_D-D',rev00e,0,2020-01-21 16:19:08,True,df8fa92bf28df3fa43f1097ab0472592
200115_Profil_E-E'_rev00a.pdf,Daten_fuer_KI/2124-881426 - Abgabe 2020/Abgabe/zus Profilschnitte/PDF/200115_Profil_E-E'_rev00a.pdf,200115_Profil_E-E',rev00a,0,2020-01-16 16:00:30,False,eeb1833c0731ef6959b50086de95f197
200115_Profil_E-E'_rev00b.pdf,Daten_fuer_KI/2124-881426 - Abgabe 2020/Abgabe/zus Profilschnitte/PDF/200115_Profil_E-E'_rev00b.pdf,200115_Profil_E-E',rev00b,0,2020-01-16 16:36:50,True,1bc74173d55ad369c07f154ba3c1039e
200115_Profil_F-F'_rev00a.pdf,Daten_fuer_KI/2124-881426 - Abgabe 2020/Abgabe/zus Profilschnitte/PDF/200115_Profil_F-F'_rev00a.pdf,200115_Profil_F-F',rev00a,0,2020-01-16 16:01:08,False,335f6f0c6a484bed0d5e247f3ed6f6be
200115_Profil_F-F'_rev00b.pdf,Daten_fuer_KI/2124-881426 - Abgabe 2020/Abgabe/zus Profilschnitte/PDF/200115_Profil_F-F'_rev00b.pdf,200115_Profil_F-F',rev00b,0,2020-01-16 16:37:12,True,d1ab1b52957f6fa27ecc25cec250b80e
200115_Profil_G-G'_rev00a.pdf,Daten_fuer_KI/2124-881426 - Abgabe 2020/Abgabe/zus Profilschnitte/PDF/200115_Profil_G-G'_rev00a.pdf,200115_Profil_G-G',rev00a,0,2020-01-16 16:01:50,False,234bfbe8449a7b413a7e30572399cbc6
200115_Profil_G-G'_rev00b.pdf,Daten_fuer_KI/2124-881426 - Abgabe 2020/Abgabe/zus Profilschnitte/PDF/200115_Profil_G-G'_rev00b.pdf,200115_Profil_G-G',rev00b,0,2020-01-16 16:37:36,False,4f0ec50247d93a73354941e106d8dd12
200115_Profil_G-G'_rev00c.pdf,Daten_fuer_KI/2124-881426 - Abgabe 2020/Abgabe/zus Profilschnitte/PDF/200115_Profil_G-G'_rev00c.pdf,200115_Profil_G-G',rev00c,0,2020-01-22 14:10:38,True,70d4cd5ba0a4fbf4ee568ed833ab6fa2
